<?xml version="1.0" encoding="UTF-8"?>
<metadata xml:lang="en"><Esri><CreaDate>20150430</CreaDate><CreaTime>11424000</CreaTime><ArcGISFormat>1.0</ArcGISFormat><SyncOnce>TRUE</SyncOnce><DataProperties><lineage><Process ToolSource="c:\program files (x86)\arcgis\desktop10.1\ArcToolbox\Toolboxes\Spatial Analyst Tools.tbx\Contour" Date="20150430" Time="114240">Contour smooth_t_mod "C:\Users\MIA\Desktop\Nepal\U of M\U_M_LS_depth_cntrs.shp" 1 0 1</Process></lineage></DataProperties></Esri></metadata>
